reading_stage,rs_name,final_delivery_session,final_passage_no,p_level,p10_success_rule,canonical_evidence_role,allowed_statuses,status_evaluation_rule,reassessment_rule,overall_gate_rule
RS01,Word-recognition accuracy,136,010,P10,"At P10: final_accuracy ≥97% and first_pass_accuracy ≥95%. Before P10, use the passage-specific target; oral results coach rather than block during Sessions 1–100.",Primary final Band-A oral evidence for this RS competency.,READY; READY_NO_ERROR_OPPORTUNITY (RS07 only); REASSESS; NOT_YET,"Evaluate RS01-P10 from this P10 sample using: At P10: final_accuracy ≥97% and first_pass_accuracy ≥95%. Before P10, use the passage-specific target; oral results coach rather than block during Sessions 1–100. If sample validity is insufficient under OS-1.0, assign REASSESS rather than PASS/FAIL. If valid and all criteria pass, assign READY; otherwise assign NOT_YET.","For each unresolved RS, deliver targeted coaching followed by a fresh unseen 100-word reassessment passage that preserves the same RS competency, P10 oral-construction requirements, OS scoring semantics and P10 comprehension level. Use a materially different topic/plot from the failed sample. Reassess only unresolved RS tracks; already-ready tracks remain closed. Do not advance to the 200-word band until every RS is resolved.","Band-A READY iff all 15 RS statuses are READY or READY_NO_ERROR_OPPORTUNITY and all P10 comprehension gates are resolved. Any NOT_YET keeps Band-A open for targeted remediation of that RS. Any REASSESS requires a fresh same-RS P10 reassessment before a readiness decision. There is no weighted average, majority threshold, 3/5 rule, or score compensation across RS tracks."
RS02,Sequential place-keeping,137,020,P10,At P10: ≤2 sequence errors per 100 assessable words and no skip of 2+ consecutive expected words.,Primary final Band-A oral evidence for this RS competency.,READY; READY_NO_ERROR_OPPORTUNITY (RS07 only); REASSESS; NOT_YET,"Evaluate RS02-P10 from this P10 sample using: At P10: ≤2 sequence errors per 100 assessable words and no skip of 2+ consecutive expected words. If sample validity is insufficient under OS-1.0, assign REASSESS rather than PASS/FAIL. If valid and all criteria pass, assign READY; otherwise assign NOT_YET.","For each unresolved RS, deliver targeted coaching followed by a fresh unseen 100-word reassessment passage that preserves the same RS competency, P10 oral-construction requirements, OS scoring semantics and P10 comprehension level. Use a materially different topic/plot from the failed sample. Reassess only unresolved RS tracks; already-ready tracks remain closed. Do not advance to the 200-word band until every RS is resolved.","Band-A READY iff all 15 RS statuses are READY or READY_NO_ERROR_OPPORTUNITY and all P10 comprehension gates are resolved. Any NOT_YET keeps Band-A open for targeted remediation of that RS. Any REASSESS requires a fresh same-RS P10 reassessment before a readiness decision. There is no weighted average, majority threshold, 3/5 rule, or score compensation across RS tracks."
RS03,Function-word fidelity,138,030,P10,At P10: function_word_accuracy ≥98% with zero repeated omission pattern for the same common function word.,Primary final Band-A oral evidence for this RS competency.,READY; READY_NO_ERROR_OPPORTUNITY (RS07 only); REASSESS; NOT_YET,"Evaluate RS03-P10 from this P10 sample using: At P10: function_word_accuracy ≥98% with zero repeated omission pattern for the same common function word. If sample validity is insufficient under OS-1.0, assign REASSESS rather than PASS/FAIL. If valid and all criteria pass, assign READY; otherwise assign NOT_YET.","For each unresolved RS, deliver targeted coaching followed by a fresh unseen 100-word reassessment passage that preserves the same RS competency, P10 oral-construction requirements, OS scoring semantics and P10 comprehension level. Use a materially different topic/plot from the failed sample. Reassess only unresolved RS tracks; already-ready tracks remain closed. Do not advance to the 200-word band until every RS is resolved.","Band-A READY iff all 15 RS statuses are READY or READY_NO_ERROR_OPPORTUNITY and all P10 comprehension gates are resolved. Any NOT_YET keeps Band-A open for targeted remediation of that RS. Any REASSESS requires a fresh same-RS P10 reassessment before a readiness decision. There is no weighted average, majority threshold, 3/5 rule, or score compensation across RS tracks."
RS04,Word-ending fidelity,139,040,P10,At P10: ending_accuracy ≥95% across at least 8 tagged inflected words in the passage.,Primary final Band-A oral evidence for this RS competency.,READY; READY_NO_ERROR_OPPORTUNITY (RS07 only); REASSESS; NOT_YET,"Evaluate RS04-P10 from this P10 sample using: At P10: ending_accuracy ≥95% across at least 8 tagged inflected words in the passage. If sample validity is insufficient under OS-1.0, assign REASSESS rather than PASS/FAIL. If valid and all criteria pass, assign READY; otherwise assign NOT_YET.","For each unresolved RS, deliver targeted coaching followed by a fresh unseen 100-word reassessment passage that preserves the same RS competency, P10 oral-construction requirements, OS scoring semantics and P10 comprehension level. Use a materially different topic/plot from the failed sample. Reassess only unresolved RS tracks; already-ready tracks remain closed. Do not advance to the 200-word band until every RS is resolved.","Band-A READY iff all 15 RS statuses are READY or READY_NO_ERROR_OPPORTUNITY and all P10 comprehension gates are resolved. Any NOT_YET keeps Band-A open for targeted remediation of that RS. Any REASSESS requires a fresh same-RS P10 reassessment before a readiness decision. There is no weighted average, majority threshold, 3/5 rule, or score compensation across RS tracks."
RS05,Longer-word decoding,140,050,P10,"At P10: ≥90% of tagged longer words finally correct, with median target hesitation ≤3 s and no full-sentence restart caused by a target.",Primary final Band-A oral evidence for this RS competency.,READY; READY_NO_ERROR_OPPORTUNITY (RS07 only); REASSESS; NOT_YET,"Evaluate RS05-P10 from this P10 sample using: At P10: ≥90% of tagged longer words finally correct, with median target hesitation ≤3 s and no full-sentence restart caused by a target. If sample validity is insufficient under OS-1.0, assign REASSESS rather than PASS/FAIL. If valid and all criteria pass, assign READY; otherwise assign NOT_YET.","For each unresolved RS, deliver targeted coaching followed by a fresh unseen 100-word reassessment passage that preserves the same RS competency, P10 oral-construction requirements, OS scoring semantics and P10 comprehension level. Use a materially different topic/plot from the failed sample. Reassess only unresolved RS tracks; already-ready tracks remain closed. Do not advance to the 200-word band until every RS is resolved.","Band-A READY iff all 15 RS statuses are READY or READY_NO_ERROR_OPPORTUNITY and all P10 comprehension gates are resolved. Any NOT_YET keeps Band-A open for targeted remediation of that RS. Any REASSESS requires a fresh same-RS P10 reassessment before a readiness decision. There is no weighted average, majority threshold, 3/5 rule, or score compensation across RS tracks."
RS06,Hesitation control,141,060,P10,At P10: ≤3 >2-second hesitations per 100 assessable words and no unexplained silence >6 s.,Primary final Band-A oral evidence for this RS competency.,READY; READY_NO_ERROR_OPPORTUNITY (RS07 only); REASSESS; NOT_YET,"Evaluate RS06-P10 from this P10 sample using: At P10: ≤3 >2-second hesitations per 100 assessable words and no unexplained silence >6 s. If sample validity is insufficient under OS-1.0, assign REASSESS rather than PASS/FAIL. If valid and all criteria pass, assign READY; otherwise assign NOT_YET.","For each unresolved RS, deliver targeted coaching followed by a fresh unseen 100-word reassessment passage that preserves the same RS competency, P10 oral-construction requirements, OS scoring semantics and P10 comprehension level. Use a materially different topic/plot from the failed sample. Reassess only unresolved RS tracks; already-ready tracks remain closed. Do not advance to the 200-word band until every RS is resolved.","Band-A READY iff all 15 RS statuses are READY or READY_NO_ERROR_OPPORTUNITY and all P10 comprehension gates are resolved. Any NOT_YET keeps Band-A open for targeted remediation of that RS. Any REASSESS requires a fresh same-RS P10 reassessment before a readiness decision. There is no weighted average, majority threshold, 3/5 rule, or score compensation across RS tracks."
RS07,Efficient self-correction,142,070,P10,"At P10: if eligible errors occur, ≥80% are self-corrected within 3 s and ≤1 correction causes a full-sentence restart. If no eligible errors occur, mark skill success automatically.",Primary final Band-A oral evidence for this RS competency.,READY; READY_NO_ERROR_OPPORTUNITY (RS07 only); REASSESS; NOT_YET,"Evaluate RS07-P10 from this P10 sample using: At P10: if eligible errors occur, ≥80% are self-corrected within 3 s and ≤1 correction causes a full-sentence restart. If no eligible errors occur, mark skill success automatically. If sample validity is insufficient under OS-1.0, assign REASSESS rather than PASS/FAIL. If zero eligible natural errors occur, assign READY_NO_ERROR_OPPORTUNITY according to the RS07 rule.","For each unresolved RS, deliver targeted coaching followed by a fresh unseen 100-word reassessment passage that preserves the same RS competency, P10 oral-construction requirements, OS scoring semantics and P10 comprehension level. Use a materially different topic/plot from the failed sample. Reassess only unresolved RS tracks; already-ready tracks remain closed. Do not advance to the 200-word band until every RS is resolved.","Band-A READY iff all 15 RS statuses are READY or READY_NO_ERROR_OPPORTUNITY and all P10 comprehension gates are resolved. Any NOT_YET keeps Band-A open for targeted remediation of that RS. Any REASSESS requires a fresh same-RS P10 reassessment before a readiness decision. There is no weighted average, majority threshold, 3/5 rule, or score compensation across RS tracks."
RS08,Repetition and restart control,143,080,P10,At P10: ≤2 unnecessary repeated-word/phrase events and ≤1 full restart per 100 words.,Primary final Band-A oral evidence for this RS competency.,READY; READY_NO_ERROR_OPPORTUNITY (RS07 only); REASSESS; NOT_YET,"Evaluate RS08-P10 from this P10 sample using: At P10: ≤2 unnecessary repeated-word/phrase events and ≤1 full restart per 100 words. If sample validity is insufficient under OS-1.0, assign REASSESS rather than PASS/FAIL. If valid and all criteria pass, assign READY; otherwise assign NOT_YET.","For each unresolved RS, deliver targeted coaching followed by a fresh unseen 100-word reassessment passage that preserves the same RS competency, P10 oral-construction requirements, OS scoring semantics and P10 comprehension level. Use a materially different topic/plot from the failed sample. Reassess only unresolved RS tracks; already-ready tracks remain closed. Do not advance to the 200-word band until every RS is resolved.","Band-A READY iff all 15 RS statuses are READY or READY_NO_ERROR_OPPORTUNITY and all P10 comprehension gates are resolved. Any NOT_YET keeps Band-A open for targeted remediation of that RS. Any REASSESS requires a fresh same-RS P10 reassessment before a readiness decision. There is no weighted average, majority threshold, 3/5 rule, or score compensation across RS tracks."
RS09,Sentence-boundary control,144,090,P10,At P10: ≥85% sentence-boundary compliance and zero boundary-linked omitted first words.,Primary final Band-A oral evidence for this RS competency.,READY; READY_NO_ERROR_OPPORTUNITY (RS07 only); REASSESS; NOT_YET,"Evaluate RS09-P10 from this P10 sample using: At P10: ≥85% sentence-boundary compliance and zero boundary-linked omitted first words. If sample validity is insufficient under OS-1.0, assign REASSESS rather than PASS/FAIL. If valid and all criteria pass, assign READY; otherwise assign NOT_YET.","For each unresolved RS, deliver targeted coaching followed by a fresh unseen 100-word reassessment passage that preserves the same RS competency, P10 oral-construction requirements, OS scoring semantics and P10 comprehension level. Use a materially different topic/plot from the failed sample. Reassess only unresolved RS tracks; already-ready tracks remain closed. Do not advance to the 200-word band until every RS is resolved.","Band-A READY iff all 15 RS statuses are READY or READY_NO_ERROR_OPPORTUNITY and all P10 comprehension gates are resolved. Any NOT_YET keeps Band-A open for targeted remediation of that RS. Any REASSESS requires a fresh same-RS P10 reassessment before a readiness decision. There is no weighted average, majority threshold, 3/5 rule, or score compensation across RS tracks."
RS10,Internal-punctuation control,145,100,P10,At P10: ≥80% internal-punctuation compliance and zero punctuation-triggered full restarts.,Primary final Band-A oral evidence for this RS competency.,READY; READY_NO_ERROR_OPPORTUNITY (RS07 only); REASSESS; NOT_YET,"Evaluate RS10-P10 from this P10 sample using: At P10: ≥80% internal-punctuation compliance and zero punctuation-triggered full restarts. If sample validity is insufficient under OS-1.0, assign REASSESS rather than PASS/FAIL. If valid and all criteria pass, assign READY; otherwise assign NOT_YET.","For each unresolved RS, deliver targeted coaching followed by a fresh unseen 100-word reassessment passage that preserves the same RS competency, P10 oral-construction requirements, OS scoring semantics and P10 comprehension level. Use a materially different topic/plot from the failed sample. Reassess only unresolved RS tracks; already-ready tracks remain closed. Do not advance to the 200-word band until every RS is resolved.","Band-A READY iff all 15 RS statuses are READY or READY_NO_ERROR_OPPORTUNITY and all P10 comprehension gates are resolved. Any NOT_YET keeps Band-A open for targeted remediation of that RS. Any REASSESS requires a fresh same-RS P10 reassessment before a readiness decision. There is no weighted average, majority threshold, 3/5 rule, or score compensation across RS tracks."
RS11,Pace consistency,146,110,P10,At P10: pace_spread ≤0.25 with no single quartile >35% slower than the learner's passage median. Absolute WPM is not compared with peers.,Primary final Band-A oral evidence for this RS competency.,READY; READY_NO_ERROR_OPPORTUNITY (RS07 only); REASSESS; NOT_YET,"Evaluate RS11-P10 from this P10 sample using: At P10: pace_spread ≤0.25 with no single quartile >35% slower than the learner's passage median. Absolute WPM is not compared with peers. If sample validity is insufficient under OS-1.0, assign REASSESS rather than PASS/FAIL. If valid and all criteria pass, assign READY; otherwise assign NOT_YET.","For each unresolved RS, deliver targeted coaching followed by a fresh unseen 100-word reassessment passage that preserves the same RS competency, P10 oral-construction requirements, OS scoring semantics and P10 comprehension level. Use a materially different topic/plot from the failed sample. Reassess only unresolved RS tracks; already-ready tracks remain closed. Do not advance to the 200-word band until every RS is resolved.","Band-A READY iff all 15 RS statuses are READY or READY_NO_ERROR_OPPORTUNITY and all P10 comprehension gates are resolved. Any NOT_YET keeps Band-A open for targeted remediation of that RS. Any REASSESS requires a fresh same-RS P10 reassessment before a readiness decision. There is no weighted average, majority threshold, 3/5 rule, or score compensation across RS tracks."
RS12,Challenge-word recovery,147,120,P10,"At P10: ≥80% of tagged challenge words correct or self-corrected within 4 s, and ≤1 sequence error in the following five words.",Primary final Band-A oral evidence for this RS competency.,READY; READY_NO_ERROR_OPPORTUNITY (RS07 only); REASSESS; NOT_YET,"Evaluate RS12-P10 from this P10 sample using: At P10: ≥80% of tagged challenge words correct or self-corrected within 4 s, and ≤1 sequence error in the following five words. If sample validity is insufficient under OS-1.0, assign REASSESS rather than PASS/FAIL. If valid and all criteria pass, assign READY; otherwise assign NOT_YET.","For each unresolved RS, deliver targeted coaching followed by a fresh unseen 100-word reassessment passage that preserves the same RS competency, P10 oral-construction requirements, OS scoring semantics and P10 comprehension level. Use a materially different topic/plot from the failed sample. Reassess only unresolved RS tracks; already-ready tracks remain closed. Do not advance to the 200-word band until every RS is resolved.","Band-A READY iff all 15 RS statuses are READY or READY_NO_ERROR_OPPORTUNITY and all P10 comprehension gates are resolved. Any NOT_YET keeps Band-A open for targeted remediation of that RS. Any REASSESS requires a fresh same-RS P10 reassessment before a readiness decision. There is no weighted average, majority threshold, 3/5 rule, or score compensation across RS tracks."
RS13,Mid-passage attention stability,148,130,P10,"At P10: middle-third accuracy is within 2 percentage points of first-third accuracy, no 2+ word skip, and no unexplained silence >6 s.",Primary final Band-A oral evidence for this RS competency.,READY; READY_NO_ERROR_OPPORTUNITY (RS07 only); REASSESS; NOT_YET,"Evaluate RS13-P10 from this P10 sample using: At P10: middle-third accuracy is within 2 percentage points of first-third accuracy, no 2+ word skip, and no unexplained silence >6 s. If sample validity is insufficient under OS-1.0, assign REASSESS rather than PASS/FAIL. If valid and all criteria pass, assign READY; otherwise assign NOT_YET.","For each unresolved RS, deliver targeted coaching followed by a fresh unseen 100-word reassessment passage that preserves the same RS competency, P10 oral-construction requirements, OS scoring semantics and P10 comprehension level. Use a materially different topic/plot from the failed sample. Reassess only unresolved RS tracks; already-ready tracks remain closed. Do not advance to the 200-word band until every RS is resolved.","Band-A READY iff all 15 RS statuses are READY or READY_NO_ERROR_OPPORTUNITY and all P10 comprehension gates are resolved. Any NOT_YET keeps Band-A open for targeted remediation of that RS. Any REASSESS requires a fresh same-RS P10 reassessment before a readiness decision. There is no weighted average, majority threshold, 3/5 rule, or score compensation across RS tracks."
RS14,Final-third stamina,149,140,P10,At P10: final-third accuracy within 2 percentage points of first third and final-third WPM no more than 15% below first third.,Primary final Band-A oral evidence for this RS competency.,READY; READY_NO_ERROR_OPPORTUNITY (RS07 only); REASSESS; NOT_YET,"Evaluate RS14-P10 from this P10 sample using: At P10: final-third accuracy within 2 percentage points of first third and final-third WPM no more than 15% below first third. If sample validity is insufficient under OS-1.0, assign REASSESS rather than PASS/FAIL. If valid and all criteria pass, assign READY; otherwise assign NOT_YET.","For each unresolved RS, deliver targeted coaching followed by a fresh unseen 100-word reassessment passage that preserves the same RS competency, P10 oral-construction requirements, OS scoring semantics and P10 comprehension level. Use a materially different topic/plot from the failed sample. Reassess only unresolved RS tracks; already-ready tracks remain closed. Do not advance to the 200-word band until every RS is resolved.","Band-A READY iff all 15 RS statuses are READY or READY_NO_ERROR_OPPORTUNITY and all P10 comprehension gates are resolved. Any NOT_YET keeps Band-A open for targeted remediation of that RS. Any REASSESS requires a fresh same-RS P10 reassessment before a readiness decision. There is no weighted average, majority threshold, 3/5 rule, or score compensation across RS tracks."
RS15,Integrated one-word fluency,150,150,P10,"At P10: final_accuracy ≥95%, sequence_errors ≤2, long hesitations ≤4, full restarts ≤1 and pace_spread ≤0.25. This is 100-word-band integration, not World 1→World 2 graduation.",Primary final Band-A oral evidence for this RS competency.,READY; READY_NO_ERROR_OPPORTUNITY (RS07 only); REASSESS; NOT_YET,"Evaluate RS15-P10 from this P10 sample using: At P10: final_accuracy ≥95%, sequence_errors ≤2, long hesitations ≤4, full restarts ≤1 and pace_spread ≤0.25. This is 100-word-band integration, not World 1→World 2 graduation. If sample validity is insufficient under OS-1.0, assign REASSESS rather than PASS/FAIL. If valid and all criteria pass, assign READY; otherwise assign NOT_YET.","For each unresolved RS, deliver targeted coaching followed by a fresh unseen 100-word reassessment passage that preserves the same RS competency, P10 oral-construction requirements, OS scoring semantics and P10 comprehension level. Use a materially different topic/plot from the failed sample. Reassess only unresolved RS tracks; already-ready tracks remain closed. Do not advance to the 200-word band until every RS is resolved.","Band-A READY iff all 15 RS statuses are READY or READY_NO_ERROR_OPPORTUNITY and all P10 comprehension gates are resolved. Any NOT_YET keeps Band-A open for targeted remediation of that RS. Any REASSESS requires a fresh same-RS P10 reassessment before a readiness decision. There is no weighted average, majority threshold, 3/5 rule, or score compensation across RS tracks."
